
insert into source VALUES ('SRC1',5,5000,19200);
INSERT INTO classe VALUES ('S1','SRC1');

-- Data for 01/11/2023
INSERT INTO luminosite VALUES
    ('2023-11-01', 8, 8),
    ('2023-11-01', 9, 7),
    ('2023-11-01', 10, 9),
    ('2023-11-01', 11, 9),
    ('2023-11-01', 14, 8),
    ('2023-11-01', 15, 7),
    ('2023-11-01', 16, 6),
    ('2023-11-01', 17, 4);
    
INSERT INTO coupure VALUES ('2023-11-01', 'SRC1', 15,45);
INSERT INTO presence VALUES ('2023-11-01', 'S1', 300, 280);

-- Data for 02/11/2023
INSERT INTO luminosite VALUES
    ('2023-11-02', 8, 8),
    ('2023-11-02', 9, 7),
    ('2023-11-02', 10, 9),
    ('2023-11-02', 11, 9),
    ('2023-11-02', 14, 8),
    ('2023-11-02', 15, 7),
    ('2023-11-02', 16, 6),
    ('2023-11-02', 17, 4);
    
INSERT INTO coupure VALUES ('2023-11-02', 'SRC1', 16,30);
INSERT INTO presence VALUES ('2023-11-02', 'S1', 250, 240);

-- Data for 03/11/2023
INSERT INTO luminosite VALUES
    ('2023-11-03', 8, 8),
    ('2023-11-03', 9, 7),
    ('2023-11-03', 10, 9),
    ('2023-11-03', 11, 9),
    ('2023-11-03', 14, 8),
    ('2023-11-03', 15, 7),
    ('2023-11-03', 16, 6),
    ('2023-11-03', 17, 4);

INSERT INTO coupure VALUES ('2023-11-03', 'SRC1', 17,00);
INSERT INTO presence VALUES ('2023-11-03', 'S1', 220, 210);
-- Data for 06/11/2023
INSERT INTO luminosite VALUES
    ('2023-11-06', 8, 8),
    ('2023-11-06', 9, 7),
    ('2023-11-06', 10, 9),
    ('2023-11-06', 11, 9),
    ('2023-11-06', 14, 8),
    ('2023-11-06', 15, 7),
    ('2023-11-06', 16, 6),
    ('2023-11-06', 17, 4);
    
INSERT INTO coupure VALUES ('2023-11-06', 'SRC1', 15,00);
INSERT INTO presence VALUES ('2023-11-06', 'S1', 320, 330);

-- Data for 07/11/2023
INSERT INTO luminosite VALUES
    ('2023-11-07', 8, 8),
    ('2023-11-07', 9, 7),
    ('2023-11-07', 10, 9),
    ('2023-11-07', 11, 9),
    ('2023-11-07', 14, 8),
    ('2023-11-07', 15, 7),
    ('2023-11-07', 16, 6),
    ('2023-11-07', 17, 4);
    
INSERT INTO coupure VALUES ('2023-11-07', 'SRC1', 15,40);
INSERT INTO presence VALUES ('2023-11-07', 'S1', 300, 290);

-- Data for 08/11/2023
INSERT INTO luminosite VALUES
    ('2023-11-08', 8, 8),
    ('2023-11-08', 9, 7),
    ('2023-11-08', 10, 9),
    ('2023-11-08', 11, 9),
    ('2023-11-08', 14, 8),
    ('2023-11-08', 15, 7),
    ('2023-11-08', 16, 6),
    ('2023-11-08', 17, 4);
    
INSERT INTO coupure VALUES ('2023-11-08', 'SRC1', 15,45);
INSERT INTO presence VALUES ('2023-11-08', 'S1', 300, 280);

-- Data for 09/11/2023
INSERT INTO luminosite VALUES
    ('2023-11-09', 8, 8),
    ('2023-11-09', 9, 7),
    ('2023-11-09', 10, 9),
    ('2023-11-09', 11, 9),
    ('2023-11-09', 14, 8),
    ('2023-11-09', 15, 7),
    ('2023-11-09', 16, 6),
    ('2023-11-09', 17, 4);
    
INSERT INTO coupure VALUES ('2023-11-09', 'SRC1', 16,29);
INSERT INTO presence VALUES ('2023-11-09', 'S1', 250, 240);

-- Data for 10/11/2023
INSERT INTO luminosite VALUES
    ('2023-11-10', 8, 8),
    ('2023-11-10', 9, 7),
    ('2023-11-10', 10, 9),
    ('2023-11-10', 11, 9),
    ('2023-11-10', 14, 8), 
    ('2023-11-10', 15, 7),65
    ('2023-11-10', 16, 6),
    ('2023-11-10', 17, 4);
    
INSERT INTO coupure VALUES ('2023-11-10', 'SRC1', 17,01);
INSERT INTO presence VALUES ('2023-11-10', 'S1', 220, 210);

-- Data for 13/11/2023
INSERT INTO luminosite VALUES
    ('2023-11-13', 8, 8),
    ('2023-11-13', 9, 7),
    ('2023-11-13', 10, 9),
    ('2023-11-13', 11, 9),
    ('2023-11-13', 14, 8),
    ('2023-11-13', 15, 7),
    ('2023-11-13', 16, 6),
    ('2023-11-13', 17, 4);
    
INSERT INTO coupure VALUES ('2023-11-13', 'SRC1', 15,02);
INSERT INTO presence VALUES ('2023-11-13', 'S1', 320, 330);

-- Data for 14/11/2023
INSERT INTO luminosite VALUES
    ('2023-11-14', 8, 8),
    ('2023-11-14', 9, 7),
    ('2023-11-14', 10, 9),
    ('2023-11-14', 11, 9),
    ('2023-11-14', 14, 8),
    ('2023-11-14', 15, 7),
    ('2023-11-14', 16, 6),
    ('2023-11-14', 17, 4);
    
INSERT INTO coupure VALUES ('2023-11-14', 'SRC1', 15,42);
INSERT INTO presence VALUES ('2023-11-14', 'S1', 300, 290);

-- Data for 15/11/2023
INSERT INTO luminosite VALUES
    ('2023-11-15', 8, 8),
    ('2023-11-15', 9, 7),
    ('2023-11-15', 10, 9),
    ('2023-11-15', 11, 9),
    ('2023-11-15', 14, 8),
    ('2023-11-15', 15, 7),
    ('2023-11-15', 16, 6),
    ('2023-11-15', 17, 4);
    
INSERT INTO coupure VALUES ('2023-11-15', 'SRC1', 15,43);
INSERT INTO presence VALUES ('2023-11-15', 'S1', 300, 280);

-- Data for 16/11/2023
INSERT INTO luminosite VALUES
    ('2023-11-16', 8, 8),
    ('2023-11-16', 9, 7),
    ('2023-11-16', 10, 9),
    ('2023-11-16', 11, 9),
    ('2023-11-16', 14, 8),
    ('2023-11-16', 15, 7),
    ('2023-11-16', 16, 6),
    ('2023-11-16', 17, 4);
    
INSERT INTO coupure VALUES ('2023-11-16', 'SRC1', 16,32);
INSERT INTO presence VALUES ('2023-11-16', 'S1', 250, 240);

-- Data for 17/11/2023
INSERT INTO luminosite VALUES
    ('2023-11-17', 8, 8),
    ('2023-11-17', 9, 7),
    ('2023-11-17', 10, 9),
    ('2023-11-17', 11, 9),
    ('2023-11-17', 14, 8),
    ('2023-11-17', 15, 7),
    ('2023-11-17', 16, 6),
    ('2023-11-17', 17, 4);
    
INSERT INTO coupure VALUES ('2023-11-17', 'SRC1', 17,03);
INSERT INTO presence VALUES ('2023-11-17', 'S1', 220, 210);

-- Data for 20/11/2023
INSERT INTO luminosite VALUES
    ('2023-11-20', 8, 8),
    ('2023-11-20', 9, 7),
    ('2023-11-20', 10, 9),
    ('2023-11-20', 11, 9),
    ('2023-11-20', 14, 8),
    ('2023-11-20', 15, 7),
    ('2023-11-20', 16, 6),
    ('2023-11-20', 17, 4);
    
INSERT INTO coupure VALUES ('2023-11-20', 'SRC1', 14,55);
INSERT INTO presence VALUES ('2023-11-20', 'S1', 320, 330);

-- Data for 21/11/2023
INSERT INTO luminosite VALUES
    ('2023-11-21', 8, 8),
    ('2023-11-21', 9, 7),
    ('2023-11-21', 10, 9),
    ('2023-11-21', 11, 9),
    ('2023-11-21', 14, 8),
    ('2023-11-21', 15, 7),
    ('2023-11-21', 16, 6),
    ('2023-11-21', 17, 4);
    
INSERT INTO coupure VALUES ('2023-11-21', 'SRC1', 15,35);
INSERT INTO presence VALUES ('2023-11-21', 'S1', 300, 290);

-- Data for 22/11/2023
INSERT INTO luminosite VALUES
    ('2023-11-22', 8, 8),
    ('2023-11-22', 9, 7),
    ('2023-11-22', 10, 9),
    ('2023-11-22', 11, 9),
    ('2023-11-22', 14, 8),
    ('2023-11-22', 15, 7),
    ('2023-11-22', 16, 6),
    ('2023-11-22', 17, 4);
    
INSERT INTO coupure VALUES ('2023-11-22', 'SRC1', 15,40);
INSERT INTO presence VALUES ('2023-11-22', 'S1', 300, 280);

-- Data for 23/11/2023
INSERT INTO luminosite VALUES
    ('2023-11-23', 8, 8),
    ('2023-11-23', 9, 7),
    ('2023-11-23', 10, 9),
    ('2023-11-23', 11, 9),
    ('2023-11-23', 14, 8),
    ('2023-11-23', 15, 7),
    ('2023-11-23', 16, 6),
    ('2023-11-23', 17, 4);
    
INSERT INTO coupure VALUES ('2023-11-23', 'SRC1', 16,24);
INSERT INTO presence VALUES ('2023-11-23', 'S1', 250, 240);

-- Data for 24/11/2023
INSERT INTO luminosite VALUES
    ('2023-11-24', 8, 8),
    ('2023-11-24', 9, 7),
    ('2023-11-24', 10, 9),
    ('2023-11-24', 11, 9),
    ('2023-11-24', 14, 8),
    ('2023-11-24', 15, 7),
    ('2023-11-24', 16, 6),
    ('2023-11-24', 17, 4);
    
INSERT INTO coupure VALUES ('2023-11-24', 'SRC1', 16,55);
INSERT INTO presence VALUES ('2023-11-24', 'S1', 220, 210);


-- Data for 27/11/2023
INSERT INTO luminosite VALUES
    ('2023-11-27', 8, 8),
    ('2023-11-27', 9, 7),
    ('2023-11-27', 10, 9),
    ('2023-11-27', 11, 9),
    ('2023-11-27', 14, 8),
    ('2023-11-27', 15, 7),
    ('2023-11-27', 16, 6),
    ('2023-11-27', 17, 4);
    
INSERT INTO coupure VALUES ('2023-11-27', 'SRC1', 15,04);
INSERT INTO presence VALUES ('2023-11-27', 'S1', 320, 330);

-- Data for 28/11/2023
INSERT INTO luminosite VALUES
    ('2023-11-28', 8, 8),
    ('2023-11-28', 9, 7),
    ('2023-11-28', 10, 9),
    ('2023-11-28', 11, 9),
    ('2023-11-28', 14, 8),
    ('2023-11-28', 15, 7),
    ('2023-11-28', 16, 6),
    ('2023-11-28', 17, 4);
    
INSERT INTO coupure VALUES ('2023-11-28', 'SRC1', 15,44);
INSERT INTO presence VALUES ('2023-11-28', 'S1', 300, 290);

-- Data for 29/11/2023
INSERT INTO luminosite VALUES
    ('2023-11-29', 8, 8),
    ('2023-11-29', 9, 7),
    ('2023-11-29', 10, 9),
    ('2023-11-29', 11, 9),
    ('2023-11-29', 14, 8),
    ('2023-11-29', 15, 7),
    ('2023-11-29', 16, 6),
    ('2023-11-29', 17, 4);
    
INSERT INTO coupure VALUES ('2023-11-29', 'SRC1', 15,49);
INSERT INTO presence VALUES ('2023-11-29', 'S1', 300, 280);

-- Data for 30/11/2023
INSERT INTO luminosite VALUES
    ('2023-11-30', 8, 8),
    ('2023-11-30', 9, 7),
    ('2023-11-30', 10, 9),
    ('2023-11-30', 11, 9),
    ('2023-11-30', 14, 8),
    ('2023-11-30', 15, 7),
    ('2023-11-30', 16, 6),
    ('2023-11-30', 17, 4);
    
INSERT INTO coupure VALUES ('2023-11-30', 'SRC1', 16,33);
INSERT INTO presence VALUES ('2023-11-30', 'S1', 250, 240);

-- Data for 01/12/2023
INSERT INTO luminosite VALUES
    ('2023-12-01', 8, 8),
    ('2023-12-01', 9, 7),
    ('2023-12-01', 10, 9),
    ('2023-12-01', 11, 9),
    ('2023-12-01', 14, 8),
    ('2023-12-01', 15, 7),
    ('2023-12-01', 16, 6),
    ('2023-12-01', 17, 4);
    
INSERT INTO coupure VALUES ('2023-12-01', 'SRC1', 17,06);
INSERT INTO presence VALUES ('2023-12-01', 'S1', 220, 210);

-- Data for 04/12/2023
INSERT INTO luminosite VALUES
    ('2023-12-04', 8, 8),
    ('2023-12-04', 9, 7),
    ('2023-12-04', 10, 9),
    ('2023-12-04', 11, 9),
    ('2023-12-04', 14, 8),
    ('2023-12-04', 15, 7),
    ('2023-12-04', 16, 6),
    ('2023-12-04', 17, 4);
    
INSERT INTO coupure VALUES ('2023-12-04', 'SRC1', 14,59);
INSERT INTO presence VALUES ('2023-12-04', 'S1', 320, 330);

-- Data for 05/12/2023
INSERT INTO luminosite VALUES
    ('2023-12-05', 8, 8),
    ('2023-12-05', 9, 7),
    ('2023-12-05', 10, 9),
    ('2023-12-05', 11, 9),
    ('2023-12-05', 14, 8),
    ('2023-12-05', 15, 7),
    ('2023-12-05', 16, 6),
    ('2023-12-05', 17, 4);
    
INSERT INTO coupure VALUES ('2023-12-05', 'SRC1', 15,39);
INSERT INTO presence VALUES ('2023-12-05', 'S1', 300, 290);

-- Data for 06/12/2023
INSERT INTO luminosite VALUES
    ('2023-12-06', 8, 8),
    ('2023-12-06', 9, 7),
    ('2023-12-06', 10, 9),
    ('2023-12-06', 11, 9),
    ('2023-12-06', 14, 8),
    ('2023-12-06', 15, 7),
    ('2023-12-06', 16, 6),
    ('2023-12-06', 17, 4);
    
INSERT INTO coupure VALUES ('2023-12-06', 'SRC1', 15,44);
INSERT INTO presence VALUES ('2023-12-06', 'S1', 300, 280);

-- Data for 07/12/2023
INSERT INTO luminosite VALUES
    ('2023-12-07', 8, 8),
    ('2023-12-07', 9, 7),
    ('2023-12-07', 10, 9),
    ('2023-12-07', 11, 9),
    ('2023-12-07', 14, 8),
    ('2023-12-07', 15, 7),
    ('2023-12-07', 16, 6),
    ('2023-12-07', 17, 4);
    
INSERT INTO coupure VALUES ('2023-12-07', 'SRC1', 16,28);
INSERT INTO presence VALUES ('2023-12-07', 'S1', 250, 240);

-- Data for 08/12/2023
INSERT INTO luminosite VALUES
    ('2023-12-08', 8, 8),
    ('2023-12-08', 9, 7),
    ('2023-12-08', 10, 9),
    ('2023-12-08', 11, 9),
    ('2023-12-08', 14, 8),
    ('2023-12-08', 15, 7),
    ('2023-12-08', 16, 6),
    ('2023-12-08', 17, 4);
    
INSERT INTO coupure VALUES ('2023-12-08', 'SRC1', 17,00);
INSERT INTO presence VALUES ('2023-12-08', 'S1', 220, 210);


-- Data for 11/12/2023
INSERT INTO luminosite VALUES
    ('2023-12-11', 8, 8),
    ('2023-12-11', 9, 7),
    ('2023-12-11', 10, 9),
    ('2023-12-11', 11, 9),
    ('2023-12-11', 14, 8),
    ('2023-12-11', 15, 7),
    ('2023-12-11', 16, 6),
    ('2023-12-11', 17, 4);
    
INSERT INTO coupure VALUES ('2023-12-11', 'SRC1', 15,46);
INSERT INTO presence VALUES ('2023-12-11', 'S1', 320, 330);

-- Data for 12/12/2023
INSERT INTO luminosite VALUES
    ('2023-12-12', 8, 8),
    ('2023-12-12', 9, 7),
    ('2023-12-12', 10, 9),
    ('2023-12-12', 11, 9),
    ('2023-12-12', 14, 8),
    ('2023-12-12', 15, 7),
    ('2023-12-12', 16, 6),
    ('2023-12-12', 17, 4);
    
INSERT INTO coupure VALUES ('2023-12-12', 'SRC1', 16,32);
INSERT INTO presence VALUES ('2023-12-12', 'S1', 300, 290);

-- Data for 13/12/2023
INSERT INTO luminosite VALUES
    ('2023-12-13', 8, 8),
    ('2023-12-13', 9, 7),
    ('2023-12-13', 10, 9),
    ('2023-12-13', 11, 9),
    ('2023-12-13', 14, 8),
    ('2023-12-13', 15, 7),
    ('2023-12-13', 16, 6),
    ('2023-12-13', 17, 4);
    
INSERT INTO coupure VALUES ('2023-12-13', 'SRC1', 17,01);
INSERT INTO presence VALUES ('2023-12-13', 'S1', 300, 280);


INSERT INTO luminosite VALUES
    ('2024-01-03', 8,9),
    ('2024-01-03', 9,9),
    ('2024-01-03', 10,9),
    ('2024-01-03', 11,9),
    ('2024-01-03', 14,8),
    ('2024-01-03', 15,8),
    ('2024-01-03', 16,8),
    ('2024-01-03', 17,9);

-- INSERT INTO coupure VALUES ('2023-12-13', 'SRC1', 17,01);
-- INSERT INTO presence VALUES ('2023-12-13', 'S1', 300, 280);
